shell_radius,shell_thickness,gap_angle,shell_stiffness
1.5,0.01,10,4630000000
1.5,0.01,20,2402000000
1.5,0.01,30,1350000000
1.5,0.01,40,891000000
1.5,0.01,50,653000000
1.5,0.01,60,458000000
1.5,0.01,70,345000000
1.5,0.01,80,276000000
1.5,0.01,90,212000000
1.5,0.01,100,169000000
1.5,0.01,110,140000000
1.5,0.01,120,111000000
1.5,0.01,130,90000000
1.5,0.01,140,76000000
1.5,0.01,150,60000000
1.5,0.01,160,48000000
1.5,0.01,170,40000000
1.5,0.01,180,31000000
1.5,0.02,10,8651000000
1.5,0.02,20,4719000000
1.5,0.02,30,2803000000
1.5,0.02,40,1931000000
1.5,0.02,50,1462000000
1.5,0.02,60,1052000000
1.5,0.02,70,802000000
1.5,0.02,80,647000000
1.5,0.02,90,495000000
1.5,0.02,100,393000000
1.5,0.02,110,326000000
1.5,0.02,120,256000000
1.5,0.02,130,206000000
1.5,0.02,140,172000000
1.5,0.02,150,135000000
1.5,0.02,160,108000000
1.5,0.02,170,90000000
1.5,0.02,180,69000000
1.5,0.03,10,12531000000
1.5,0.03,20,6925000000
1.5,0.03,30,4182000000
1.5,0.03,40,2933000000
1.5,0.03,50,2257000000
1.5,0.03,60,1654000000
1.5,0.03,70,1276000000
1.5,0.03,80,1037000000
1.5,0.03,90,800000000
1.5,0.03,100,639000000
1.5,0.03,110,530000000
1.5,0.03,120,416000000
1.5,0.03,130,336000000
1.5,0.03,140,280000000
1.5,0.03,150,220000000
1.5,0.03,160,176000000
1.5,0.03,170,145000000
1.5,0.03,180,112000000
1.5,0.04,10,16287000000
1.5,0.04,20,9091000000
1.5,0.04,30,5540000000
1.5,0.04,40,3928000000
1.5,0.04,50,3048000000
1.5,0.04,60,2258000000
1.5,0.04,70,1759000000
1.5,0.04,80,1438000000
1.5,0.04,90,1117000000
1.5,0.04,100,895000000
1.5,0.04,110,744000000
1.5,0.04,120,587000000
1.5,0.04,130,473000000
1.5,0.04,140,395000000
1.5,0.04,150,310000000
1.5,0.04,160,248000000
1.5,0.04,170,205000000
1.5,0.04,180,158000000
1.5,0.05,10,19920000000
1.5,0.05,20,11223000000
1.5,0.05,30,6892000000
1.5,0.05,40,4921000000
1.5,0.05,50,3839000000
1.5,0.05,60,2866000000
1.5,0.05,70,2247000000
1.5,0.05,80,1845000000
1.5,0.05,90,1440000000
1.5,0.05,100,1158000000
1.5,0.05,110,965000000
1.5,0.05,120,762000000
1.5,0.05,130,616000000
1.5,0.05,140,514000000
1.5,0.05,150,403000000
1.5,0.05,160,323000000
1.5,0.05,170,266000000
1.5,0.05,180,205000000
1.5,0.06,10,23364000000
1.5,0.06,20,13316000000
1.5,0.06,30,8237000000
1.5,0.06,40,5910000000
1.5,0.06,50,4630000000
1.5,0.06,60,3477000000
1.5,0.06,70,2738000000
1.5,0.06,80,2256000000
1.5,0.06,90,1767000000
1.5,0.06,100,1426000000
1.5,0.06,110,1190000000
1.5,0.06,120,942000000
1.5,0.06,130,762000000
1.5,0.06,140,635000000
1.5,0.06,150,499000000
1.5,0.06,160,399000000
1.5,0.06,170,328000000
1.5,0.06,180,253000000
1.5,0.07,10,26667000000
1.5,0.07,20,15361000000
1.5,0.07,30,9560000000
1.5,0.07,40,6897000000
1.5,0.07,50,5420000000
1.5,0.07,60,4087000000
1.5,0.07,70,3231000000
1.5,0.07,80,2669000000
1.5,0.07,90,2097000000
1.5,0.07,100,1695000000
1.5,0.07,110,1418000000
1.5,0.07,120,1123000000
1.5,0.07,130,909000000
1.5,0.07,140,758000000
1.5,0.07,150,595000000
1.5,0.07,160,476000000
1.5,0.07,170,392000000
1.5,0.07,180,301000000
1.5,0.08,10,29851000000
1.5,0.08,20,17361000000
1.5,0.08,30,10870000000
1.5,0.08,40,7874000000
1.5,0.08,50,6203000000
1.5,0.08,60,4695000000
1.5,0.08,70,3723000000
1.5,0.08,80,3082000000
1.5,0.08,90,2427000000
1.5,0.08,100,1967000000
1.5,0.08,110,1646000000
1.5,0.08,120,1305000000
1.5,0.08,130,1058000000
1.5,0.08,140,882000000
1.5,0.08,150,693000000
1.5,0.08,160,554000000
1.5,0.08,170,455000000
1.5,0.08,180,349000000
1.5,0.09,10,32787000000
1.5,0.09,20,19342000000
1.5,0.09,30,12165000000
1.5,0.09,40,8842000000
1.5,0.09,50,6983000000
1.5,0.09,60,5299000000
1.5,0.09,70,4214000000
1.5,0.09,80,3494000000
1.5,0.09,90,2757000000
1.5,0.09,100,2238000000
1.5,0.09,110,1875000000
1.5,0.09,120,1488000000
1.5,0.09,130,1207000000
1.5,0.09,140,1006000000
1.5,0.09,150,790000000
1.5,0.09,160,632000000
1.5,0.09,170,519000000
1.5,0.09,180,398000000
1.5,0.1,10,35714000000
1.5,0.1,20,21231000000
1.5,0.1,30,13441000000
1.5,0.1,40,9804000000
1.5,0.1,50,7758000000
1.5,0.1,60,5903000000
1.5,0.1,70,4704000000
1.5,0.1,80,3905000000
1.5,0.1,90,3087000000
1.5,0.1,100,2509000000
1.5,0.1,110,2103000000
1.5,0.1,120,1671000000
1.5,0.1,130,1356000000
1.5,0.1,140,1131000000
1.5,0.1,150,888000000
1.5,0.1,160,710000000
1.5,0.1,170,583000000
1.5,0.1,180,446000000
1.5,0.11,10,38314000000
1.5,0.11,20,23095000000
1.5,0.11,30,14706000000
1.5,0.11,40,10753000000
1.5,0.11,50,8525000000
1.5,0.11,60,6502000000
1.5,0.11,70,5189000000
1.5,0.11,80,4312000000
1.5,0.11,90,3415000000
1.5,0.11,100,2779000000
1.5,0.11,110,2332000000
1.5,0.11,120,1854000000
1.5,0.11,130,1505000000
1.5,0.11,140,1255000000
1.5,0.11,150,985000000
1.5,0.11,160,787000000
1.5,0.11,170,646000000
1.5,0.11,180,494000000
1.5,0.12,10,40984000000
1.5,0.12,20,24876000000
1.5,0.12,30,15949000000
1.5,0.12,40,11696000000
1.5,0.12,50,9285000000
1.5,0.12,60,7092000000
1.5,0.12,70,5672000000
1.5,0.12,80,4719000000
1.5,0.12,90,3743000000
1.5,0.12,100,3049000000
1.5,0.12,110,2559000000
1.5,0.12,120,2035000000
1.5,0.12,130,1653000000
1.5,0.12,140,1379000000
1.5,0.12,150,1082000000
1.5,0.12,160,865000000
1.5,0.12,170,709000000
1.5,0.12,180,542000000
1.5,0.13,10,43478000000
1.5,0.13,20,26596000000
1.5,0.13,30,17153000000
1.5,0.13,40,12626000000
1.5,0.13,50,10040000000
1.5,0.13,60,7680000000
1.5,0.13,70,6150000000
1.5,0.13,80,5123000000
1.5,0.13,90,4067000000
1.5,0.13,100,3316000000
1.5,0.13,110,2785000000
1.5,0.13,120,2216000000
1.5,0.13,130,1801000000
1.5,0.13,140,1502000000
1.5,0.13,150,1179000000
1.5,0.13,160,942000000
1.5,0.13,170,772000000
1.5,0.13,180,590000000
1.5,0.14,10,45872000000
1.5,0.14,20,28329000000
1.5,0.14,30,18349000000
1.5,0.14,40,13532000000
1.5,0.14,50,10787000000
1.5,0.14,60,8264000000
1.5,0.14,70,6627000000
1.5,0.14,80,5525000000
1.5,0.14,90,4390000000
1.5,0.14,100,3582000000
1.5,0.14,110,3009000000
1.5,0.14,120,2396000000
1.5,0.14,130,1947000000
1.5,0.14,140,1624000000
1.5,0.14,150,1275000000
1.5,0.14,160,1019000000
1.5,0.14,170,835000000
1.5,0.14,180,637000000
1.5,0.15,10,48077000000
1.5,0.15,20,29940000000
1.5,0.15,30,19531000000
1.5,0.15,40,14451000000
1.5,0.15,50,11521000000
1.5,0.15,60,8842000000
1.5,0.15,70,7102000000
1.5,0.15,80,5924000000
1.5,0.15,90,4710000000
1.5,0.15,100,3846000000
1.5,0.15,110,3233000000
1.5,0.15,120,2575000000
1.5,0.15,130,2093000000
1.5,0.15,140,1746000000
1.5,0.15,150,1370000000
1.5,0.15,160,1095000000
1.5,0.15,170,897000000
1.5,0.15,180,684000000
2,0.01,10,3426000000
2,0.01,20,1741000000
2,0.01,30,962000000
2,0.01,40,632000000
2,0.01,50,462000000
2,0.01,60,328000000
2,0.01,70,253000000
2,0.01,80,206000000
2,0.01,90,162000000
2,0.01,100,133000000
2,0.01,110,113000000
2,0.01,120,92000000
2,0.01,130,76000000
2,0.01,140,65000000
2,0.01,150,52000000
2,0.01,160,42000000
2,0.01,170,35000000
2,0.01,180,27000000
2,0.02,10,6477000000
2,0.02,20,3490000000
2,0.02,30,2049000000
2,0.02,40,1400000000
2,0.02,50,1051000000
2,0.02,60,756000000
2,0.02,70,580000000
2,0.02,80,470000000
2,0.02,90,364000000
2,0.02,100,294000000
2,0.02,110,246000000
2,0.02,120,196000000
2,0.02,130,160000000
2,0.02,140,134000000
2,0.02,150,107000000
2,0.02,160,86000000
2,0.02,170,71000000
2,0.02,180,55000000
2,0.03,10,9407000000
2,0.03,20,5149000000
2,0.03,30,3083000000
2,0.03,40,2147000000
2,0.03,50,1635000000
2,0.03,60,1191000000
2,0.03,70,919000000
2,0.03,80,746000000
2,0.03,90,577000000
2,0.03,100,463000000
2,0.03,110,385000000
2,0.03,120,305000000
2,0.03,130,247000000
2,0.03,140,207000000
2,0.03,150,163000000
2,0.03,160,131000000
2,0.03,170,108000000
2,0.03,180,84000000
2,0.04,10,12285000000
2,0.04,20,6780000000
2,0.04,30,4100000000
2,0.04,40,2887000000
2,0.04,50,2217000000
2,0.04,60,1629000000
2,0.04,70,1265000000
2,0.04,80,1029000000
2,0.04,90,797000000
2,0.04,100,640000000
2,0.04,110,532000000
2,0.04,120,419000000
2,0.04,130,340000000
2,0.04,140,283000000
2,0.04,150,223000000
2,0.04,160,179000000
2,0.04,170,147000000
2,0.04,180,114000000
2,0.05,10,15106000000
2,0.05,20,8396000000
2,0.05,30,5115000000
2,0.05,40,3630000000
2,0.05,50,2803000000
2,0.05,60,2075000000
2,0.05,70,1619000000
2,0.05,80,1321000000
2,0.05,90,1026000000
2,0.05,100,824000000
2,0.05,110,685000000
2,0.05,120,540000000
2,0.05,130,437000000
2,0.05,140,364000000
2,0.05,150,286000000
2,0.05,160,229000000
2,0.05,170,189000000
2,0.05,180,146000000
2,0.06,10,17857000000
2,0.06,20,9990000000
2,0.06,30,6127000000
2,0.06,40,4374000000
2,0.06,50,3393000000
2,0.06,60,2526000000
2,0.06,70,1980000000
2,0.06,80,1620000000
2,0.06,90,1262000000
2,0.06,100,1016000000
2,0.06,110,845000000
2,0.06,120,667000000
2,0.06,130,540000000
2,0.06,140,449000000
2,0.06,150,353000000
2,0.06,160,283000000
2,0.06,170,233000000
2,0.06,180,179000000
2,0.07,10,20492000000
2,0.07,20,11561000000
2,0.07,30,7133000000
2,0.07,40,5120000000
2,0.07,50,3986000000
2,0.07,60,2981000000
2,0.07,70,2346000000
2,0.07,80,1924000000
2,0.07,90,1503000000
2,0.07,100,1213000000
2,0.07,110,1009000000
2,0.07,120,798000000
2,0.07,130,646000000
2,0.07,140,537000000
2,0.07,150,422000000
2,0.07,160,338000000
2,0.07,170,278000000
2,0.07,180,214000000
2,0.08,10,23095000000
2,0.08,20,13123000000
2,0.08,30,8137000000
2,0.08,40,5865000000
2,0.08,50,4579000000
2,0.08,60,3438000000
2,0.08,70,2715000000
2,0.08,80,2231000000
2,0.08,90,1748000000
2,0.08,100,1413000000
2,0.08,110,1177000000
2,0.08,120,931000000
2,0.08,130,755000000
2,0.08,140,628000000
2,0.08,150,493000000
2,0.08,160,395000000
2,0.08,170,324000000
2,0.08,180,249000000
2,0.09,10,25575000000
2,0.09,20,14641000000
2,0.09,30,9132000000
2,0.09,40,6605000000
2,0.09,50,5171000000
2,0.09,60,3896000000
2,0.09,70,3085000000
2,0.09,80,2540000000
2,0.09,90,1994000000
2,0.09,100,1616000000
2,0.09,110,1347000000
2,0.09,120,1066000000
2,0.09,130,865000000
2,0.09,140,720000000
2,0.09,150,565000000
2,0.09,160,453000000
2,0.09,170,372000000
2,0.09,180,285000000
2,0.1,10,27933000000
2,0.1,20,16155000000
2,0.1,30,10111000000
2,0.1,40,7342000000
2,0.1,50,5760000000
2,0.1,60,4352000000
2,0.1,70,3455000000
2,0.1,80,2850000000
2,0.1,90,2242000000
2,0.1,100,1819000000
2,0.1,110,1518000000
2,0.1,120,1203000000
2,0.1,130,976000000
2,0.1,140,812000000
2,0.1,150,638000000
2,0.1,160,511000000
2,0.1,170,419000000
2,0.1,180,321000000
2,0.11,10,30303000000
2,0.11,20,17637000000
2,0.11,30,11086000000
2,0.11,40,8078000000
2,0.11,50,6345000000
2,0.11,60,4808000000
2,0.11,70,3826000000
2,0.11,80,3159000000
2,0.11,90,2489000000
2,0.11,100,2023000000
2,0.11,110,1689000000
2,0.11,120,1340000000
2,0.11,130,1088000000
2,0.11,140,905000000
2,0.11,150,711000000
2,0.11,160,570000000
2,0.11,170,467000000
2,0.11,180,358000000
2,0.12,10,32468000000
2,0.12,20,19084000000
2,0.12,30,12048000000
2,0.12,40,8803000000
2,0.12,50,6930000000
2,0.12,60,5260000000
2,0.12,70,4195000000
2,0.12,80,3467000000
2,0.12,90,2737000000
2,0.12,100,2227000000
2,0.12,110,1861000000
2,0.12,120,1477000000
2,0.12,130,1200000000
2,0.12,140,998000000
2,0.12,150,784000000
2,0.12,160,628000000
2,0.12,170,514000000
2,0.12,180,394000000
2,0.13,10,34602000000
2,0.13,20,20492000000
2,0.13,30,13004000000
2,0.13,40,9524000000
2,0.13,50,7508000000
2,0.13,60,5711000000
2,0.13,70,4562000000
2,0.13,80,3775000000
2,0.13,90,2984000000
2,0.13,100,2431000000
2,0.13,110,2032000000
2,0.13,120,1614000000
2,0.13,130,1312000000
2,0.13,140,1092000000
2,0.13,150,857000000
2,0.13,160,687000000
2,0.13,170,562000000
2,0.13,180,430000000
2,0.14,10,36630000000
2,0.14,20,21882000000
2,0.14,30,13947000000
2,0.14,40,10235000000
2,0.14,50,8084000000
2,0.14,60,6161000000
2,0.14,70,4929000000
2,0.14,80,4082000000
2,0.14,90,3230000000
2,0.14,100,2634000000
2,0.14,110,2203000000
2,0.14,120,1751000000
2,0.14,130,1424000000
2,0.14,140,1185000000
2,0.14,150,930000000
2,0.14,160,745000000
2,0.14,170,610000000
2,0.14,180,467000000
2,0.15,10,38610000000
2,0.15,20,23256000000
2,0.15,30,14881000000
2,0.15,40,10941000000
2,0.15,50,8658000000
2,0.15,60,6605000000
2,0.15,70,5291000000
2,0.15,80,4388000000
2,0.15,90,3476000000
2,0.15,100,2836000000
2,0.15,110,2374000000
2,0.15,120,1887000000
2,0.15,130,1536000000
2,0.15,140,1277000000
2,0.15,150,1003000000
2,0.15,160,804000000
2,0.15,170,657000000
2,0.15,180,503000000
2.5,0.01,10,2706000000
2.5,0.01,20,1354000000
2.5,0.01,30,740000000
2.5,0.01,40,488000000
2.5,0.01,50,360000000
2.5,0.01,60,262000000
2.5,0.01,70,207000000
2.5,0.01,80,172000000
2.5,0.01,90,139000000
2.5,0.01,100,117000000
2.5,0.01,110,101000000
2.5,0.01,120,83000000
2.5,0.01,130,70000000
2.5,0.01,140,60000000
2.5,0.01,150,48000000
2.5,0.01,160,39000000
2.5,0.01,170,32000000
2.5,0.01,180,24000000
2.5,0.02,10,5160000000
2.5,0.02,20,2756000000
2.5,0.02,30,1604000000
2.5,0.02,40,1093000000
2.5,0.02,50,820000000
2.5,0.02,60,595000000
2.5,0.02,70,463000000
2.5,0.02,80,380000000
2.5,0.02,90,301000000
2.5,0.02,100,248000000
2.5,0.02,110,211000000
2.5,0.02,120,171000000
2.5,0.02,130,142000000
2.5,0.02,140,120000000
2.5,0.02,150,96000000
2.5,0.02,160,78000000
2.5,0.02,170,64000000
2.5,0.02,180,49000000
2.5,0.03,10,7519000000
2.5,0.03,20,4088000000
2.5,0.03,30,2433000000
2.5,0.03,40,1690000000
2.5,0.03,50,1284000000
2.5,0.03,60,939000000
2.5,0.03,70,732000000
2.5,0.03,80,599000000
2.5,0.03,90,470000000
2.5,0.03,100,384000000
2.5,0.03,110,323000000
2.5,0.03,120,259000000
2.5,0.03,130,213000000
2.5,0.03,140,180000000
2.5,0.03,150,143000000
2.5,0.03,160,115000000
2.5,0.03,170,95000000
2.5,0.03,180,73000000
2.5,0.04,10,9843000000
2.5,0.04,20,5394000000
2.5,0.04,30,3247000000
2.5,0.04,40,2282000000
2.5,0.04,50,1747000000
2.5,0.04,60,1286000000
2.5,0.04,70,1004000000
2.5,0.04,80,820000000
2.5,0.04,90,642000000
2.5,0.04,100,521000000
2.5,0.04,110,437000000
2.5,0.04,120,348000000
2.5,0.04,130,285000000
2.5,0.04,140,239000000
2.5,0.04,150,189000000
2.5,0.04,160,152000000
2.5,0.04,170,125000000
2.5,0.04,180,96000000
2.5,0.05,10,12121000000
2.5,0.05,20,6689000000
2.5,0.05,30,4057000000
2.5,0.05,40,2874000000
2.5,0.05,50,2210000000
2.5,0.05,60,1635000000
2.5,0.05,70,1279000000
2.5,0.05,80,1046000000
2.5,0.05,90,817000000
2.5,0.05,100,662000000
2.5,0.05,110,553000000
2.5,0.05,120,439000000
2.5,0.05,130,358000000
2.5,0.05,140,299000000
2.5,0.05,150,236000000
2.5,0.05,160,190000000
2.5,0.05,170,156000000
2.5,0.05,180,120000000
2.5,0.06,10,14368000000
2.5,0.06,20,7974000000
2.5,0.06,30,4866000000
2.5,0.06,40,3466000000
2.5,0.06,50,2676000000
2.5,0.06,60,1987000000
2.5,0.06,70,1559000000
2.5,0.06,80,1275000000
2.5,0.06,90,996000000
2.5,0.06,100,806000000
2.5,0.06,110,672000000
2.5,0.06,120,533000000
2.5,0.06,130,433000000
2.5,0.06,140,361000000
2.5,0.06,150,284000000
2.5,0.06,160,229000000
2.5,0.06,170,188000000
2.5,0.06,180,144000000
2.5,0.07,10,16556000000
2.5,0.07,20,9242000000
2.5,0.07,30,5672000000
2.5,0.07,40,4062000000
2.5,0.07,50,3145000000
2.5,0.07,60,2344000000
2.5,0.07,70,1843000000
2.5,0.07,80,1509000000
2.5,0.07,90,1179000000
2.5,0.07,100,954000000
2.5,0.07,110,794000000
2.5,0.07,120,629000000
2.5,0.07,130,511000000
2.5,0.07,140,426000000
2.5,0.07,150,335000000
2.5,0.07,160,269000000
2.5,0.07,170,221000000
2.5,0.07,180,170000000
2.5,0.08,10,18727000000
2.5,0.08,20,10504000000
2.5,0.08,30,6477000000
2.5,0.08,40,4655000000
2.5,0.08,50,3614000000
2.5,0.08,60,2702000000
2.5,0.08,70,2131000000
2.5,0.08,80,1746000000
2.5,0.08,90,1366000000
2.5,0.08,100,1106000000
2.5,0.08,110,920000000
2.5,0.08,120,728000000
2.5,0.08,130,592000000
2.5,0.08,140,492000000
2.5,0.08,150,387000000
2.5,0.08,160,311000000
2.5,0.08,170,255000000
2.5,0.08,180,196000000
2.5,0.09,10,20790000000
2.5,0.09,20,11751000000
2.5,0.09,30,7278000000
2.5,0.09,40,5249000000
2.5,0.09,50,4085000000
2.5,0.09,60,3063000000
2.5,0.09,70,2421000000
2.5,0.09,80,1985000000
2.5,0.09,90,1555000000
2.5,0.09,100,1260000000
2.5,0.09,110,1049000000
2.5,0.09,120,830000000
2.5,0.09,130,674000000
2.5,0.09,140,561000000
2.5,0.09,150,440000000
2.5,0.09,160,354000000
2.5,0.09,170,290000000
2.5,0.09,180,223000000
2.5,0.1,10,22831000000
2.5,0.1,20,12987000000
2.5,0.1,30,8071000000
2.5,0.1,40,5845000000
2.5,0.1,50,4556000000
2.5,0.1,60,3425000000
2.5,0.1,70,2713000000
2.5,0.1,80,2228000000
2.5,0.1,90,1747000000
2.5,0.1,100,1417000000
2.5,0.1,110,1180000000
2.5,0.1,120,934000000
2.5,0.1,130,759000000
2.5,0.1,140,631000000
2.5,0.1,150,495000000
2.5,0.1,160,398000000
2.5,0.1,170,326000000
2.5,0.1,180,250000000
2.5,0.11,10,24814000000
2.5,0.11,20,14205000000
2.5,0.11,30,8865000000
2.5,0.11,40,6435000000
2.5,0.11,50,5025000000
2.5,0.11,60,3788000000
2.5,0.11,70,3007000000
2.5,0.11,80,2472000000
2.5,0.11,90,1941000000
2.5,0.11,100,1576000000
2.5,0.11,110,1313000000
2.5,0.11,120,1040000000
2.5,0.11,130,845000000
2.5,0.11,140,702000000
2.5,0.11,150,551000000
2.5,0.11,160,443000000
2.5,0.11,170,362000000
2.5,0.11,180,278000000
2.5,0.12,10,26738000000
2.5,0.12,20,15385000000
2.5,0.12,30,9653000000
2.5,0.12,40,7022000000
2.5,0.12,50,5495000000
2.5,0.12,60,4151000000
2.5,0.12,70,3300000000
2.5,0.12,80,2717000000
2.5,0.12,90,2137000000
2.5,0.12,100,1736000000
2.5,0.12,110,1447000000
2.5,0.12,120,1147000000
2.5,0.12,130,932000000
2.5,0.12,140,774000000
2.5,0.12,150,608000000
2.5,0.12,160,488000000
2.5,0.12,170,399000000
2.5,0.12,180,306000000
2.5,0.13,10,28571000000
2.5,0.13,20,16584000000
2.5,0.13,30,10428000000
2.5,0.13,40,7610000000
2.5,0.13,50,5963000000
2.5,0.13,60,4513000000
2.5,0.13,70,3595000000
2.5,0.13,80,2962000000
2.5,0.13,90,2333000000
2.5,0.13,100,1898000000
2.5,0.13,110,1582000000
2.5,0.13,120,1254000000
2.5,0.13,130,1020000000
2.5,0.13,140,847000000
2.5,0.13,150,665000000
2.5,0.13,160,534000000
2.5,0.13,170,437000000
2.5,0.13,180,335000000
2.5,0.14,10,30395000000
2.5,0.14,20,17730000000
2.5,0.14,30,11198000000
2.5,0.14,40,8190000000
2.5,0.14,50,6431000000
2.5,0.14,60,4876000000
2.5,0.14,70,3890000000
2.5,0.14,80,3208000000
2.5,0.14,90,2530000000
2.5,0.14,100,2060000000
2.5,0.14,110,1718000000
2.5,0.14,120,1363000000
2.5,0.14,130,1109000000
2.5,0.14,140,921000000
2.5,0.14,150,723000000
2.5,0.14,160,580000000
2.5,0.14,170,475000000
2.5,0.14,180,364000000
2.5,0.15,10,32154000000
2.5,0.15,20,18904000000
2.5,0.15,30,11976000000
2.5,0.15,40,8772000000
2.5,0.15,50,6892000000
2.5,0.15,60,5236000000
2.5,0.15,70,4184000000
2.5,0.15,80,3453000000
2.5,0.15,90,2726000000
2.5,0.15,100,2222000000
2.5,0.15,110,1854000000
2.5,0.15,120,1471000000
2.5,0.15,130,1198000000
2.5,0.15,140,995000000
2.5,0.15,150,781000000
2.5,0.15,160,627000000
2.5,0.15,170,512000000
2.5,0.15,180,392000000
3,0.01,10,2230000000
3,0.01,20,1101000000
3,0.01,30,599000000
3,0.01,40,400000000
3,0.01,50,299000000
3,0.01,60,223000000
3,0.01,70,181000000
3,0.01,80,154000000
3,0.01,90,128000000
3,0.01,100,109000000
3,0.01,110,95000000
3,0.01,120,79000000
3,0.01,130,66000000
3,0.01,140,56000000
3,0.01,150,45000000
3,0.01,160,36000000
3,0.01,170,29000000
3,0.01,180,22000000
3,0.02,10,4286000000
3,0.02,20,2271000000
3,0.02,30,1314000000
3,0.02,40,898000000
3,0.02,50,677000000
3,0.02,60,498000000
3,0.02,70,395000000
3,0.02,80,330000000
3,0.02,90,266000000
3,0.02,100,223000000
3,0.02,110,192000000
3,0.02,120,158000000
3,0.02,130,132000000
3,0.02,140,112000000
3,0.02,150,90000000
3,0.02,160,73000000
3,0.02,170,59000000
3,0.02,180,45000000
3,0.03,10,6254000000
3,0.03,20,3382000000
3,0.03,30,2006000000
3,0.03,40,1394000000
3,0.03,50,1061000000
3,0.03,60,783000000
3,0.03,70,618000000
3,0.03,80,512000000
3,0.03,90,409000000
3,0.03,100,339000000
3,0.03,110,289000000
3,0.03,120,236000000
3,0.03,130,196000000
3,0.03,140,166000000
3,0.03,150,132000000
3,0.03,160,107000000
3,0.03,170,88000000
3,0.03,180,67000000
3,0.04,10,8190000000
3,0.04,20,4470000000
3,0.04,30,2685000000
3,0.04,40,1888000000
3,0.04,50,1446000000
3,0.04,60,1071000000
3,0.04,70,845000000
3,0.04,80,697000000
3,0.04,90,554000000
3,0.04,100,456000000
3,0.04,110,387000000
3,0.04,120,313000000
3,0.04,130,259000000
3,0.04,140,218000000
3,0.04,150,173000000
3,0.04,160,140000000
3,0.04,170,115000000
3,0.04,180,88000000
3,0.05,10,10111000000
3,0.05,20,5552000000
3,0.05,30,3361000000
3,0.05,40,2382000000
3,0.05,50,1833000000
3,0.05,60,1362000000
3,0.05,70,1075000000
3,0.05,80,885000000
3,0.05,90,701000000
3,0.05,100,575000000
3,0.05,110,484000000
3,0.05,120,390000000
3,0.05,130,321000000
3,0.05,140,269000000
3,0.05,150,214000000
3,0.05,160,172000000
3,0.05,170,141000000
3,0.05,180,108000000
3,0.06,10,12005000000
3,0.06,20,6627000000
3,0.06,30,4037000000
3,0.06,40,2878000000
3,0.06,50,2221000000
3,0.06,60,1655000000
3,0.06,70,1308000000
3,0.06,80,1076000000
3,0.06,90,849000000
3,0.06,100,694000000
3,0.06,110,583000000
3,0.06,120,467000000
3,0.06,130,383000000
3,0.06,140,321000000
3,0.06,150,254000000
3,0.06,160,205000000
3,0.06,170,168000000
3,0.06,180,129000000
3,0.07,10,13870000000
3,0.07,20,7692000000
3,0.07,30,4713000000
3,0.07,40,3374000000
3,0.07,50,2610000000
3,0.07,60,1950000000
3,0.07,70,1542000000
3,0.07,80,1267000000
3,0.07,90,999000000
3,0.07,100,815000000
3,0.07,110,683000000
3,0.07,120,546000000
3,0.07,130,447000000
3,0.07,140,373000000
3,0.07,150,295000000
3,0.07,160,237000000
3,0.07,170,194000000
3,0.07,180,149000000
3,0.08,10,15699000000
3,0.08,20,8749000000
3,0.08,30,5385000000
3,0.08,40,3870000000
3,0.08,50,2999000000
3,0.08,60,2246000000
3,0.08,70,1778000000
3,0.08,80,1461000000
3,0.08,90,1150000000
3,0.08,100,937000000
3,0.08,110,784000000
3,0.08,120,625000000
3,0.08,130,511000000
3,0.08,140,426000000
3,0.08,150,336000000
3,0.08,160,270000000
3,0.08,170,221000000
3,0.08,180,170000000
3,0.09,10,17483000000
3,0.09,20,9804000000
3,0.09,30,6053000000
3,0.09,40,4365000000
3,0.09,50,3390000000
3,0.09,60,2543000000
3,0.09,70,2015000000
3,0.09,80,1656000000
3,0.09,90,1303000000
3,0.09,100,1061000000
3,0.09,110,887000000
3,0.09,120,706000000
3,0.09,130,576000000
3,0.09,140,480000000
3,0.09,150,378000000
3,0.09,160,304000000
3,0.09,170,249000000
3,0.09,180,191000000
3,0.1,10,19231000000
3,0.1,20,10834000000
3,0.1,30,6720000000
3,0.1,40,4859000000
3,0.1,50,3779000000
3,0.1,60,2840000000
3,0.1,70,2254000000
3,0.1,80,1852000000
3,0.1,90,1457000000
3,0.1,100,1187000000
3,0.1,110,990000000
3,0.1,120,787000000
3,0.1,130,642000000
3,0.1,140,534000000
3,0.1,150,421000000
3,0.1,160,338000000
3,0.1,170,277000000
3,0.1,180,212000000
3,0.11,10,20964000000
3,0.11,20,11862000000
3,0.11,30,7380000000
3,0.11,40,5353000000
3,0.11,50,4168000000
3,0.11,60,3139000000
3,0.11,70,2493000000
3,0.11,80,2050000000
3,0.11,90,1613000000
3,0.11,100,1313000000
3,0.11,110,1095000000
3,0.11,120,870000000
3,0.11,130,710000000
3,0.11,140,590000000
3,0.11,150,464000000
3,0.11,160,373000000
3,0.11,170,305000000
3,0.11,180,234000000
3,0.12,10,22624000000
3,0.12,20,12887000000
3,0.12,30,8039000000
3,0.12,40,5845000000
3,0.12,50,4558000000
3,0.12,60,3438000000
3,0.12,70,2734000000
3,0.12,80,2248000000
3,0.12,90,1770000000
3,0.12,100,1442000000
3,0.12,110,1202000000
3,0.12,120,954000000
3,0.12,130,778000000
3,0.12,140,646000000
3,0.12,150,508000000
3,0.12,160,409000000
3,0.12,170,334000000
3,0.12,180,256000000
3,0.13,10,24272000000
3,0.13,20,13889000000
3,0.13,30,8696000000
3,0.13,40,6333000000
3,0.13,50,4946000000
3,0.13,60,3736000000
3,0.13,70,2975000000
3,0.13,80,2448000000
3,0.13,90,1928000000
3,0.13,100,1571000000
3,0.13,110,1309000000
3,0.13,120,1040000000
3,0.13,130,847000000
3,0.13,140,704000000
3,0.13,150,553000000
3,0.13,160,445000000
3,0.13,170,363000000
3,0.13,180,279000000
3,0.14,10,25907000000
3,0.14,20,14881000000
3,0.14,30,9346000000
3,0.14,40,6821000000
3,0.14,50,5333000000
3,0.14,60,4036000000
3,0.14,70,3218000000
3,0.14,80,2648000000
3,0.14,90,2087000000
3,0.14,100,1701000000
3,0.14,110,1418000000
3,0.14,120,1126000000
3,0.14,130,917000000
3,0.14,140,762000000
3,0.14,150,598000000
3,0.14,160,481000000
3,0.14,170,393000000
3,0.14,180,301000000
3,0.15,10,27473000000
3,0.15,20,15873000000
3,0.15,30,10000000000
3,0.15,40,7310000000
3,0.15,50,5721000000
3,0.15,60,4335000000
3,0.15,70,3459000000
3,0.15,80,2850000000
3,0.15,90,2247000000
3,0.15,100,1832000000
3,0.15,110,1527000000
3,0.15,120,1212000000
3,0.15,130,988000000
3,0.15,140,820000000
3,0.15,150,644000000
3,0.15,160,518000000
3,0.15,170,423000000
3,0.15,180,324000000
3.5,0.01,10,1894000000
3.5,0.01,20,925000000
3.5,0.01,30,504000000
3.5,0.01,40,342000000
3.5,0.01,50,260000000
3.5,0.01,60,200000000
3.5,0.01,70,166000000
3.5,0.01,80,143000000
3.5,0.01,90,121000000
3.5,0.01,100,104000000
3.5,0.01,110,91000000
3.5,0.01,120,75000000
3.5,0.01,130,63000000
3.5,0.01,140,53000000
3.5,0.01,150,42000000
3.5,0.01,160,33000000
3.5,0.01,170,27000000
3.5,0.01,180,20000000
3.5,0.02,10,3664000000
3.5,0.02,20,1928000000
3.5,0.02,30,1113000000
3.5,0.02,40,765000000
3.5,0.02,50,582000000
3.5,0.02,60,437000000
3.5,0.02,70,353000000
3.5,0.02,80,299000000
3.5,0.02,90,246000000
3.5,0.02,100,209000000
3.5,0.02,110,181000000
3.5,0.02,120,150000000
3.5,0.02,130,126000000
3.5,0.02,140,106000000
3.5,0.02,150,85000000
3.5,0.02,160,68000000
3.5,0.02,170,55000000
3.5,0.02,180,42000000
3.5,0.03,10,5350000000
3.5,0.03,20,2881000000
3.5,0.03,30,1706000000
3.5,0.03,40,1190000000
3.5,0.03,50,911000000
3.5,0.03,60,681000000
3.5,0.03,70,546000000
3.5,0.03,80,458000000
3.5,0.03,90,372000000
3.5,0.03,100,313000000
3.5,0.03,110,269000000
3.5,0.03,120,221000000
3.5,0.03,130,185000000
3.5,0.03,140,157000000
3.5,0.03,150,125000000
3.5,0.03,160,101000000
3.5,0.03,170,82000000
3.5,0.03,180,62000000
3.5,0.04,10,7013000000
3.5,0.04,20,3814000000
3.5,0.04,30,2288000000
3.5,0.04,40,1613000000
3.5,0.04,50,1240000000
3.5,0.04,60,928000000
3.5,0.04,70,741000000
3.5,0.04,80,618000000
3.5,0.04,90,499000000
3.5,0.04,100,416000000
3.5,0.04,110,356000000
3.5,0.04,120,291000000
3.5,0.04,130,243000000
3.5,0.04,140,205000000
3.5,0.04,150,163000000
3.5,0.04,160,132000000
3.5,0.04,170,108000000
3.5,0.04,180,82000000
3.5,0.05,10,8658000000
3.5,0.05,20,4742000000
3.5,0.05,30,2869000000
3.5,0.05,40,2037000000
3.5,0.05,50,1571000000
3.5,0.05,60,1178000000
3.5,0.05,70,939000000
3.5,0.05,80,781000000
3.5,0.05,90,626000000
3.5,0.05,100,520000000
3.5,0.05,110,443000000
3.5,0.05,120,360000000
3.5,0.05,130,299000000
3.5,0.05,140,252000000
3.5,0.05,150,201000000
3.5,0.05,160,162000000
3.5,0.05,170,132000000
3.5,0.05,180,101000000
3.5,0.06,10,10288000000
3.5,0.06,20,5663000000
3.5,0.06,30,3449000000
3.5,0.06,40,2463000000
3.5,0.06,50,1905000000
3.5,0.06,60,1430000000
3.5,0.06,70,1139000000
3.5,0.06,80,945000000
3.5,0.06,90,755000000
3.5,0.06,100,625000000
3.5,0.06,110,530000000
3.5,0.06,120,429000000
3.5,0.06,130,355000000
3.5,0.06,140,299000000
3.5,0.06,150,237000000
3.5,0.06,160,191000000
3.5,0.06,170,156000000
3.5,0.06,180,119000000
3.5,0.07,10,11891000000
3.5,0.07,20,6583000000
3.5,0.07,30,4029000000
3.5,0.07,40,2890000000
3.5,0.07,50,2240000000
3.5,0.07,60,1683000000
3.5,0.07,70,1342000000
3.5,0.07,80,1111000000
3.5,0.07,90,885000000
3.5,0.07,100,730000000
3.5,0.07,110,617000000
3.5,0.07,120,498000000
3.5,0.07,130,411000000
3.5,0.07,140,345000000
3.5,0.07,150,273000000
3.5,0.07,160,220000000
3.5,0.07,170,180000000
3.5,0.07,180,137000000
3.5,0.08,10,13477000000
3.5,0.08,20,7496000000
3.5,0.08,30,4608000000
3.5,0.08,40,3317000000
3.5,0.08,50,2575000000
3.5,0.08,60,1938000000
3.5,0.08,70,1545000000
3.5,0.08,80,1278000000
3.5,0.08,90,1016000000
3.5,0.08,100,836000000
3.5,0.08,110,705000000
3.5,0.08,120,567000000
3.5,0.08,130,467000000
3.5,0.08,140,391000000
3.5,0.08,150,309000000
3.5,0.08,160,249000000
3.5,0.08,170,204000000
3.5,0.08,180,156000000
3.5,0.09,10,15038000000
3.5,0.09,20,8396000000
3.5,0.09,30,5184000000
3.5,0.09,40,3744000000
3.5,0.09,50,2910000000
3.5,0.09,60,2193000000
3.5,0.09,70,1749000000
3.5,0.09,80,1445000000
3.5,0.09,90,1147000000
3.5,0.09,100,943000000
3.5,0.09,110,793000000
3.5,0.09,120,636000000
3.5,0.09,130,523000000
3.5,0.09,140,437000000
3.5,0.09,150,346000000
3.5,0.09,160,278000000
3.5,0.09,170,228000000
3.5,0.09,180,174000000
3.5,0.1,10,16584000000
3.5,0.1,20,9294000000
3.5,0.1,30,5760000000
3.5,0.1,40,4170000000
3.5,0.1,50,3246000000
3.5,0.1,60,2448000000
3.5,0.1,70,1953000000
3.5,0.1,80,1613000000
3.5,0.1,90,1279000000
3.5,0.1,100,1050000000
3.5,0.1,110,881000000
3.5,0.1,120,706000000
3.5,0.1,130,579000000
3.5,0.1,140,484000000
3.5,0.1,150,382000000
3.5,0.1,160,307000000
3.5,0.1,170,251000000
3.5,0.1,180,192000000
3.5,0.11,10,18083000000
3.5,0.11,20,10183000000
3.5,0.11,30,6329000000
3.5,0.11,40,4593000000
3.5,0.11,50,3580000000
3.5,0.11,60,2703000000
3.5,0.11,70,2157000000
3.5,0.11,80,1781000000
3.5,0.11,90,1411000000
3.5,0.11,100,1157000000
3.5,0.11,110,970000000
3.5,0.11,120,776000000
3.5,0.11,130,636000000
3.5,0.11,140,530000000
3.5,0.11,150,418000000
3.5,0.11,160,337000000
3.5,0.11,170,275000000
3.5,0.11,180,210000000
3.5,0.12,10,19569000000
3.5,0.12,20,11074000000
3.5,0.12,30,6901000000
3.5,0.12,40,5018000000
3.5,0.12,50,3914000000
3.5,0.12,60,2959000000
3.5,0.12,70,2362000000
3.5,0.12,80,1949000000
3.5,0.12,90,1543000000
3.5,0.12,100,1265000000
3.5,0.12,110,1059000000
3.5,0.12,120,846000000
3.5,0.12,130,693000000
3.5,0.12,140,577000000
3.5,0.12,150,455000000
3.5,0.12,160,366000000
3.5,0.12,170,299000000
3.5,0.12,180,229000000
3.5,0.13,10,21053000000
3.5,0.13,20,11947000000
3.5,0.13,30,7463000000
3.5,0.13,40,5438000000
3.5,0.13,50,4246000000
3.5,0.13,60,3213000000
3.5,0.13,70,2567000000
3.5,0.13,80,2118000000
3.5,0.13,90,1676000000
3.5,0.13,100,1373000000
3.5,0.13,110,1149000000
3.5,0.13,120,917000000
3.5,0.13,130,750000000
3.5,0.13,140,624000000
3.5,0.13,150,492000000
3.5,0.13,160,396000000
3.5,0.13,170,323000000
3.5,0.13,180,247000000
3.5,0.14,10,22472000000
3.5,0.14,20,12804000000
3.5,0.14,30,8026000000
3.5,0.14,40,5858000000
3.5,0.14,50,4579000000
3.5,0.14,60,3467000000
3.5,0.14,70,2772000000
3.5,0.14,80,2287000000
3.5,0.14,90,1810000000
3.5,0.14,100,1481000000
3.5,0.14,110,1239000000
3.5,0.14,120,988000000
3.5,0.14,130,808000000
3.5,0.14,140,672000000
3.5,0.14,150,529000000
3.5,0.14,160,426000000
3.5,0.14,170,348000000
3.5,0.14,180,266000000
3.5,0.15,10,23866000000
3.5,0.15,20,13680000000
3.5,0.15,30,8584000000
3.5,0.15,40,6277000000
3.5,0.15,50,4909000000
3.5,0.15,60,3722000000
3.5,0.15,70,2977000000
3.5,0.15,80,2456000000
3.5,0.15,90,1944000000
3.5,0.15,100,1591000000
3.5,0.15,110,1329000000
3.5,0.15,120,1059000000
3.5,0.15,130,866000000
3.5,0.15,140,720000000
3.5,0.15,150,566000000
3.5,0.15,160,456000000
3.5,0.15,170,372000000
3.5,0.15,180,285000000
4,0.01,10,1644000000
4,0.01,20,796000000
4,0.01,30,436000000
4,0.01,40,302000000
4,0.01,50,234000000
4,0.01,60,184000000
4,0.01,70,156000000
4,0.01,80,136000000
4,0.01,90,116000000
4,0.01,100,100000000
4,0.01,110,87000000
4,0.01,120,72000000
4,0.01,130,60000000
4,0.01,140,50000000
4,0.01,150,39000000
4,0.01,160,31000000
4,0.01,170,25000000
4,0.01,180,19000000
4,0.02,10,3201000000
4,0.02,20,1673000000
4,0.02,30,966000000
4,0.02,40,670000000
4,0.02,50,516000000
4,0.02,60,394000000
4,0.02,70,324000000
4,0.02,80,278000000
4,0.02,90,232000000
4,0.02,100,199000000
4,0.02,110,173000000
4,0.02,120,143000000
4,0.02,130,120000000
4,0.02,140,101000000
4,0.02,150,80000000
4,0.02,160,64000000
4,0.02,170,52000000
4,0.02,180,39000000
4,0.03,10,4677000000
4,0.03,20,2507000000
4,0.03,30,1486000000
4,0.03,40,1043000000
4,0.03,50,804000000
4,0.03,60,611000000
4,0.03,70,496000000
4,0.03,80,421000000
4,0.03,90,348000000
4,0.03,100,295000000
4,0.03,110,255000000
4,0.03,120,211000000
4,0.03,130,177000000
4,0.03,140,149000000
4,0.03,150,119000000
4,0.03,160,95000000
4,0.03,170,77000000
4,0.03,180,58000000
4,0.04,10,6127000000
4,0.04,20,3323000000
4,0.04,30,1996000000
4,0.04,40,1414000000
4,0.04,50,1093000000
4,0.04,60,828000000
4,0.04,70,670000000
4,0.04,80,565000000
4,0.04,90,462000000
4,0.04,100,390000000
4,0.04,110,336000000
4,0.04,120,276000000
4,0.04,130,231000000
4,0.04,140,195000000
4,0.04,150,155000000
4,0.04,160,125000000
4,0.04,170,102000000
4,0.04,180,77000000
4,0.05,10,7564000000
4,0.05,20,4134000000
4,0.05,30,2504000000
4,0.05,40,1785000000
4,0.05,50,1384000000
4,0.05,60,1048000000
4,0.05,70,845000000
4,0.05,80,709000000
4,0.05,90,577000000
4,0.05,100,484000000
4,0.05,110,415000000
4,0.05,120,341000000
4,0.05,130,284000000
4,0.05,140,240000000
4,0.05,150,191000000
4,0.05,160,153000000
4,0.05,170,125000000
4,0.05,180,94000000
4,0.06,10,8993000000
4,0.06,20,4943000000
4,0.06,30,3013000000
4,0.06,40,2159000000
4,0.06,50,1676000000
4,0.06,60,1269000000
4,0.06,70,1021000000
4,0.06,80,855000000
4,0.06,90,692000000
4,0.06,100,579000000
4,0.06,110,494000000
4,0.06,120,404000000
4,0.06,130,336000000
4,0.06,140,283000000
4,0.06,150,225000000
4,0.06,160,181000000
4,0.06,170,148000000
4,0.06,180,112000000
4,0.07,10,10406000000
4,0.07,20,5747000000
4,0.07,30,3521000000
4,0.07,40,2533000000
4,0.07,50,1970000000
4,0.07,60,1492000000
4,0.07,70,1200000000
4,0.07,80,1002000000
4,0.07,90,808000000
4,0.07,100,673000000
4,0.07,110,574000000
4,0.07,120,467000000
4,0.07,130,388000000
4,0.07,140,326000000
4,0.07,150,259000000
4,0.07,160,209000000
4,0.07,170,170000000
4,0.07,180,129000000
4,0.08,10,11806000000
4,0.08,20,6549000000
4,0.08,30,4029000000
4,0.08,40,2908000000
4,0.08,50,2264000000
4,0.08,60,1716000000
4,0.08,70,1379000000
4,0.08,80,1149000000
4,0.08,90,924000000
4,0.08,100,768000000
4,0.08,110,653000000
4,0.08,120,530000000
4,0.08,130,439000000
4,0.08,140,369000000
4,0.08,150,292000000
4,0.08,160,236000000
4,0.08,170,192000000
4,0.08,180,146000000
4,0.09,10,13193000000
4,0.09,20,7348000000
4,0.09,30,4537000000
4,0.09,40,3283000000
4,0.09,50,2560000000
4,0.09,60,1940000000
4,0.09,70,1559000000
4,0.09,80,1297000000
4,0.09,90,1041000000
4,0.09,100,863000000
4,0.09,110,732000000
4,0.09,120,592000000
4,0.09,130,490000000
4,0.09,140,411000000
4,0.09,150,326000000
4,0.09,160,262000000
4,0.09,170,214000000
4,0.09,180,162000000
4,0.1,10,14556000000
4,0.1,20,8137000000
4,0.1,30,5043000000
4,0.1,40,3658000000
4,0.1,50,2854000000
4,0.1,60,2165000000
4,0.1,70,1739000000
4,0.1,80,1446000000
4,0.1,90,1158000000
4,0.1,100,958000000
4,0.1,110,811000000
4,0.1,120,655000000
4,0.1,130,541000000
4,0.1,140,453000000
4,0.1,150,358000000
4,0.1,160,289000000
4,0.1,170,235000000
4,0.1,180,179000000
4,0.11,10,15898000000
4,0.11,20,8921000000
4,0.11,30,5546000000
4,0.11,40,4032000000
4,0.11,50,3149000000
4,0.11,60,2390000000
4,0.11,70,1920000000
4,0.11,80,1594000000
4,0.11,90,1275000000
4,0.11,100,1054000000
4,0.11,110,890000000
4,0.11,120,717000000
4,0.11,130,591000000
4,0.11,140,495000000
4,0.11,150,391000000
4,0.11,160,315000000
4,0.11,170,257000000
4,0.11,180,195000000
4,0.12,10,17212000000
4,0.12,20,9699000000
4,0.12,30,6046000000
4,0.12,40,4405000000
4,0.12,50,3442000000
4,0.12,60,2614000000
4,0.12,70,2100000000
4,0.12,80,1743000000
4,0.12,90,1392000000
4,0.12,100,1149000000
4,0.12,110,968000000
4,0.12,120,779000000
4,0.12,130,642000000
4,0.12,140,536000000
4,0.12,150,424000000
4,0.12,160,341000000
4,0.12,170,278000000
4,0.12,180,212000000
4,0.13,10,18519000000
4,0.13,20,10471000000
4,0.13,30,6545000000
4,0.13,40,4776000000
4,0.13,50,3736000000
4,0.13,60,2838000000
4,0.13,70,2281000000
4,0.13,80,1891000000
4,0.13,90,1508000000
4,0.13,100,1244000000
4,0.13,110,1047000000
4,0.13,120,841000000
4,0.13,130,692000000
4,0.13,140,578000000
4,0.13,150,456000000
4,0.13,160,367000000
4,0.13,170,300000000
4,0.13,180,228000000
4,0.14,10,19802000000
4,0.14,20,11236000000
4,0.14,30,7042000000
4,0.14,40,5147000000
4,0.14,50,4027000000
4,0.14,60,3063000000
4,0.14,70,2460000000
4,0.14,80,2039000000
4,0.14,90,1625000000
4,0.14,100,1339000000
4,0.14,110,1126000000
4,0.14,120,904000000
4,0.14,130,743000000
4,0.14,140,620000000
4,0.14,150,489000000
4,0.14,160,393000000
4,0.14,170,321000000
4,0.14,180,245000000
4,0.15,10,21097000000
4,0.15,20,12005000000
4,0.15,30,7536000000
4,0.15,40,5516000000
4,0.15,50,4320000000
4,0.15,60,3286000000
4,0.15,70,2640000000
4,0.15,80,2187000000
4,0.15,90,1742000000
4,0.15,100,1434000000
4,0.15,110,1205000000
4,0.15,120,966000000
4,0.15,130,793000000
4,0.15,140,661000000
4,0.15,150,521000000
4,0.15,160,420000000
4,0.15,170,342000000
4,0.15,180,261000000
4.5,0.01,10,1451000000
4.5,0.01,20,698000000
4.5,0.01,30,386000000
4.5,0.01,40,272000000
4.5,0.01,50,215000000
4.5,0.01,60,173000000
4.5,0.01,70,148000000
4.5,0.01,80,130000000
4.5,0.01,90,111000000
4.5,0.01,100,96000000
4.5,0.01,110,83000000
4.5,0.01,120,68000000
4.5,0.01,130,56000000
4.5,0.01,140,47000000
4.5,0.01,150,36000000
4.5,0.01,160,29000000
4.5,0.01,170,23000000
4.5,0.01,180,17000000
4.5,0.02,10,2842000000
4.5,0.02,20,1476000000
4.5,0.02,30,855000000
4.5,0.02,40,599000000
4.5,0.02,50,467000000
4.5,0.02,60,364000000
4.5,0.02,70,303000000
4.5,0.02,80,263000000
4.5,0.02,90,221000000
4.5,0.02,100,190000000
4.5,0.02,110,166000000
4.5,0.02,120,137000000
4.5,0.02,130,114000000
4.5,0.02,140,96000000
4.5,0.02,150,75000000
4.5,0.02,160,60000000
4.5,0.02,170,48000000
4.5,0.02,180,36000000
4.5,0.03,10,4156000000
4.5,0.03,20,2218000000
4.5,0.03,30,1318000000
4.5,0.03,40,932000000
4.5,0.03,50,726000000
4.5,0.03,60,559000000
4.5,0.03,70,461000000
4.5,0.03,80,395000000
4.5,0.03,90,330000000
4.5,0.03,100,282000000
4.5,0.03,110,245000000
4.5,0.03,120,202000000
4.5,0.03,130,169000000
4.5,0.03,140,142000000
4.5,0.03,150,112000000
4.5,0.03,160,90000000
4.5,0.03,170,73000000
4.5,0.03,180,55000000
4.5,0.04,10,5444000000
4.5,0.04,20,2945000000
4.5,0.04,30,1772000000
4.5,0.04,40,1263000000
4.5,0.04,50,984000000
4.5,0.04,60,755000000
4.5,0.04,70,619000000
4.5,0.04,80,527000000
4.5,0.04,90,436000000
4.5,0.04,100,371000000
4.5,0.04,110,321000000
4.5,0.04,120,265000000
4.5,0.04,130,221000000
4.5,0.04,140,187000000
4.5,0.04,150,148000000
4.5,0.04,160,118000000
4.5,0.04,170,96000000
4.5,0.04,180,72000000
4.5,0.05,10,6720000000
4.5,0.05,20,3666000000
4.5,0.05,30,2225000000
4.5,0.05,40,1595000000
4.5,0.05,50,1244000000
4.5,0.05,60,952000000
4.5,0.05,70,777000000
4.5,0.05,80,659000000
4.5,0.05,90,542000000
4.5,0.05,100,459000000
4.5,0.05,110,395000000
4.5,0.05,120,326000000
4.5,0.05,130,272000000
4.5,0.05,140,229000000
4.5,0.05,150,182000000
4.5,0.05,160,146000000
4.5,0.05,170,118000000
4.5,0.05,180,89000000
4.5,0.06,10,7987000000
4.5,0.06,20,4384000000
4.5,0.06,30,2678000000
4.5,0.06,40,1928000000
4.5,0.06,50,1505000000
4.5,0.06,60,1151000000
4.5,0.06,70,936000000
4.5,0.06,80,791000000
4.5,0.06,90,647000000
4.5,0.06,100,546000000
4.5,0.06,110,469000000
4.5,0.06,120,385000000
4.5,0.06,130,321000000
4.5,0.06,140,271000000
4.5,0.06,150,215000000
4.5,0.06,160,173000000
4.5,0.06,170,140000000
4.5,0.06,180,106000000
4.5,0.07,10,9242000000
4.5,0.07,20,5099000000
4.5,0.07,30,3131000000
4.5,0.07,40,2261000000
4.5,0.07,50,1767000000
4.5,0.07,60,1350000000
4.5,0.07,70,1096000000
4.5,0.07,80,923000000
4.5,0.07,90,752000000
4.5,0.07,100,633000000
4.5,0.07,110,542000000
4.5,0.07,120,444000000
4.5,0.07,130,370000000
4.5,0.07,140,312000000
4.5,0.07,150,247000000
4.5,0.07,160,199000000
4.5,0.07,170,162000000
4.5,0.07,180,122000000
4.5,0.08,10,10493000000
4.5,0.08,20,5814000000
4.5,0.08,30,3584000000
4.5,0.08,40,2595000000
4.5,0.08,50,2030000000
4.5,0.08,60,1550000000
4.5,0.08,70,1257000000
4.5,0.08,80,1056000000
4.5,0.08,90,858000000
4.5,0.08,100,719000000
4.5,0.08,110,615000000
4.5,0.08,120,503000000
4.5,0.08,130,418000000
4.5,0.08,140,352000000
4.5,0.08,150,279000000
4.5,0.08,160,224000000
4.5,0.08,170,182000000
4.5,0.08,180,138000000
4.5,0.09,10,11723000000
4.5,0.09,20,6523000000
4.5,0.09,30,4036000000
4.5,0.09,40,2930000000
4.5,0.09,50,2293000000
4.5,0.09,60,1751000000
4.5,0.09,70,1418000000
4.5,0.09,80,1189000000
4.5,0.09,90,964000000
4.5,0.09,100,806000000
4.5,0.09,110,688000000
4.5,0.09,120,561000000
4.5,0.09,130,466000000
4.5,0.09,140,392000000
4.5,0.09,150,311000000
4.5,0.09,160,250000000
4.5,0.09,170,203000000
4.5,0.09,180,153000000
4.5,0.1,10,12953000000
4.5,0.1,20,7231000000
4.5,0.1,30,4486000000
4.5,0.1,40,3265000000
4.5,0.1,50,2556000000
4.5,0.1,60,1952000000
4.5,0.1,70,1580000000
4.5,0.1,80,1323000000
4.5,0.1,90,1070000000
4.5,0.1,100,893000000
4.5,0.1,110,760000000
4.5,0.1,120,618000000
4.5,0.1,130,513000000
4.5,0.1,140,431000000
4.5,0.1,150,341000000
4.5,0.1,160,275000000
4.5,0.1,170,223000000
4.5,0.1,180,169000000
4.5,0.11,10,14164000000
4.5,0.11,20,7930000000
4.5,0.11,30,4936000000
4.5,0.11,40,3598000000
4.5,0.11,50,2819000000
4.5,0.11,60,2154000000
4.5,0.11,70,1742000000
4.5,0.11,80,1457000000
4.5,0.11,90,1175000000
4.5,0.11,100,980000000
4.5,0.11,110,832000000
4.5,0.11,120,676000000
4.5,0.11,130,560000000
4.5,0.11,140,470000000
4.5,0.11,150,372000000
4.5,0.11,160,299000000
4.5,0.11,170,243000000
4.5,0.11,180,184000000
4.5,0.12,10,15361000000
4.5,0.12,20,8628000000
4.5,0.12,30,5385000000
4.5,0.12,40,3932000000
4.5,0.12,50,3083000000
4.5,0.12,60,2355000000
4.5,0.12,70,1904000000
4.5,0.12,80,1590000000
4.5,0.12,90,1281000000
4.5,0.12,100,1066000000
4.5,0.12,110,904000000
4.5,0.12,120,733000000
4.5,0.12,130,607000000
4.5,0.12,140,509000000
4.5,0.12,150,402000000
4.5,0.12,160,324000000
4.5,0.12,170,263000000
4.5,0.12,180,200000000
4.5,0.13,10,16529000000
4.5,0.13,20,9320000000
4.5,0.13,30,5831000000
4.5,0.13,40,4264000000
4.5,0.13,50,3344000000
4.5,0.13,60,2556000000
4.5,0.13,70,2066000000
4.5,0.13,80,1724000000
4.5,0.13,90,1387000000
4.5,0.13,100,1152000000
4.5,0.13,110,976000000
4.5,0.13,120,790000000
4.5,0.13,130,653000000
4.5,0.13,140,547000000
4.5,0.13,150,432000000
4.5,0.13,160,348000000
4.5,0.13,170,283000000
4.5,0.13,180,215000000
4.5,0.14,10,17699000000
4.5,0.14,20,10010000000
4.5,0.14,30,6274000000
4.5,0.14,40,4596000000
4.5,0.14,50,3606000000
4.5,0.14,60,2756000000
4.5,0.14,70,2228000000
4.5,0.14,80,1857000000
4.5,0.14,90,1492000000
4.5,0.14,100,1239000000
4.5,0.14,110,1048000000
4.5,0.14,120,846000000
4.5,0.14,130,699000000
4.5,0.14,140,585000000
4.5,0.14,150,462000000
4.5,0.14,160,372000000
4.5,0.14,170,303000000
4.5,0.14,180,230000000
4.5,0.15,10,18832000000
4.5,0.15,20,10695000000
4.5,0.15,30,6716000000
4.5,0.15,40,4926000000
4.5,0.15,50,3867000000
4.5,0.15,60,2957000000
4.5,0.15,70,2389000000
4.5,0.15,80,1990000000
4.5,0.15,90,1597000000
4.5,0.15,100,1324000000
4.5,0.15,110,1119000000
4.5,0.15,120,903000000
4.5,0.15,130,745000000
4.5,0.15,140,623000000
4.5,0.15,150,492000000
4.5,0.15,160,396000000
4.5,0.15,170,322000000
4.5,0.15,180,245000000
5,0.01,10,1299000000
5,0.01,20,621000000
5,0.01,30,347000000
5,0.01,40,250000000
5,0.01,50,201000000
5,0.01,60,164000000
5,0.01,70,142000000
5,0.01,80,125000000
5,0.01,90,107000000
5,0.01,100,92000000
5,0.01,110,79000000
5,0.01,120,64000000
5,0.01,130,53000000
5,0.01,140,44000000
5,0.01,150,34000000
5,0.01,160,27000000
5,0.01,170,22000000
5,0.01,180,16000000
5,0.02,10,2556000000
5,0.02,20,1321000000
5,0.02,30,769000000
5,0.02,40,545000000
5,0.02,50,430000000
5,0.02,60,340000000
5,0.02,70,288000000
5,0.02,80,251000000
5,0.02,90,212000000
5,0.02,100,183000000
5,0.02,110,159000000
5,0.02,120,130000000
5,0.02,130,108000000
5,0.02,140,90000000
5,0.02,150,71000000
5,0.02,160,56000000
5,0.02,170,45000000
5,0.02,180,34000000
5,0.03,10,3741000000
5,0.03,20,1989000000
5,0.03,30,1186000000
5,0.03,40,846000000
5,0.03,50,665000000
5,0.03,60,520000000
5,0.03,70,434000000
5,0.03,80,375000000
5,0.03,90,315000000
5,0.03,100,270000000
5,0.03,110,235000000
5,0.03,120,194000000
5,0.03,130,161000000
5,0.03,140,135000000
5,0.03,150,106000000
5,0.03,160,85000000
5,0.03,170,68000000
5,0.03,180,51000000
5,0.04,10,4897000000
5,0.04,20,2643000000
5,0.04,30,1596000000
5,0.04,40,1146000000
5,0.04,50,900000000
5,0.04,60,700000000
5,0.04,70,580000000
5,0.04,80,498000000
5,0.04,90,416000000
5,0.04,100,355000000
5,0.04,110,308000000
5,0.04,120,254000000
5,0.04,130,212000000
5,0.04,140,178000000
5,0.04,150,141000000
5,0.04,160,112000000
5,0.04,170,91000000
5,0.04,180,68000000
5,0.05,10,6042000000
5,0.05,20,3292000000
5,0.05,30,2005000000
5,0.05,40,1446000000
5,0.05,50,1136000000
5,0.05,60,880000000
5,0.05,70,725000000
5,0.05,80,620000000
5,0.05,90,515000000
5,0.05,100,438000000
5,0.05,110,379000000
5,0.05,120,313000000
5,0.05,130,261000000
5,0.05,140,220000000
5,0.05,150,173000000
5,0.05,160,139000000
5,0.05,170,112000000
5,0.05,180,84000000
5,0.06,10,7184000000
5,0.06,20,3939000000
5,0.06,30,2414000000
5,0.06,40,1747000000
5,0.06,50,1372000000
5,0.06,60,1060000000
5,0.06,70,871000000
5,0.06,80,742000000
5,0.06,90,613000000
5,0.06,100,520000000
5,0.06,110,449000000
5,0.06,120,370000000
5,0.06,130,308000000
5,0.06,140,260000000
5,0.06,150,205000000
5,0.06,160,164000000
5,0.06,170,133000000
5,0.06,180,100000000
5,0.07,10,8313000000
5,0.07,20,4583000000
5,0.07,30,2822000000
5,0.07,40,2048000000
5,0.07,50,1610000000
5,0.07,60,1242000000
5,0.07,70,1018000000
5,0.07,80,864000000
5,0.07,90,711000000
5,0.07,100,602000000
5,0.07,110,518000000
5,0.07,120,426000000
5,0.07,130,355000000
5,0.07,140,299000000
5,0.07,150,237000000
5,0.07,160,190000000
5,0.07,170,154000000
5,0.07,180,115000000
5,0.08,10,9434000000
5,0.08,20,5227000000
5,0.08,30,3231000000
5,0.08,40,2350000000
5,0.08,50,1847000000
5,0.08,60,1424000000
5,0.08,70,1164000000
5,0.08,80,986000000
5,0.08,90,809000000
5,0.08,100,683000000
5,0.08,110,586000000
5,0.08,120,481000000
5,0.08,130,401000000
5,0.08,140,338000000
5,0.08,150,267000000
5,0.08,160,214000000
5,0.08,170,174000000
5,0.08,180,131000000
5,0.09,10,10549000000
5,0.09,20,5869000000
5,0.09,30,3639000000
5,0.09,40,2653000000
5,0.09,50,2086000000
5,0.09,60,1606000000
5,0.09,70,1311000000
5,0.09,80,1108000000
5,0.09,90,906000000
5,0.09,100,763000000
5,0.09,110,654000000
5,0.09,120,536000000
5,0.09,130,446000000
5,0.09,140,376000000
5,0.09,150,297000000
5,0.09,160,239000000
5,0.09,170,194000000
5,0.09,180,146000000
5,0.1,10,11655000000
5,0.1,20,6506000000
5,0.1,30,4045000000
5,0.1,40,2955000000
5,0.1,50,2324000000
5,0.1,60,1788000000
5,0.1,70,1459000000
5,0.1,80,1230000000
5,0.1,90,1003000000
5,0.1,100,844000000
5,0.1,110,722000000
5,0.1,120,590000000
5,0.1,130,491000000
5,0.1,140,413000000
5,0.1,150,327000000
5,0.1,160,263000000
5,0.1,170,213000000
5,0.1,180,160000000
5,0.11,10,12755000000
5,0.11,20,7138000000
5,0.11,30,4452000000
5,0.11,40,3256000000
5,0.11,50,2562000000
5,0.11,60,1971000000
5,0.11,70,1606000000
5,0.11,80,1352000000
5,0.11,90,1100000000
5,0.11,100,924000000
5,0.11,110,789000000
5,0.11,120,644000000
5,0.11,130,536000000
5,0.11,140,450000000
5,0.11,150,356000000
5,0.11,160,286000000
5,0.11,170,232000000
5,0.11,180,175000000
5,0.12,10,13831000000
5,0.12,20,7770000000
5,0.12,30,4857000000
5,0.12,40,3557000000
5,0.12,50,2800000000
5,0.12,60,2153000000
5,0.12,70,1753000000
5,0.12,80,1474000000
5,0.12,90,1198000000
5,0.12,100,1004000000
5,0.12,110,856000000
5,0.12,120,698000000
5,0.12,130,580000000
5,0.12,140,487000000
5,0.12,150,385000000
5,0.12,160,309000000
5,0.12,170,251000000
5,0.12,180,190000000
5,0.13,10,14903000000
5,0.13,20,8396000000
5,0.13,30,5260000000
5,0.13,40,3858000000
5,0.13,50,3038000000
5,0.13,60,2335000000
5,0.13,70,1900000000
5,0.13,80,1596000000
5,0.13,90,1294000000
5,0.13,100,1083000000
5,0.13,110,923000000
5,0.13,120,751000000
5,0.13,130,623000000
5,0.13,140,523000000
5,0.13,150,414000000
5,0.13,160,332000000
5,0.13,170,270000000
5,0.13,180,204000000
5,0.14,10,15949000000
5,0.14,20,9017000000
5,0.14,30,5663000000
5,0.14,40,4158000000
5,0.14,50,3274000000
5,0.14,60,2518000000
5,0.14,70,2047000000
5,0.14,80,1718000000
5,0.14,90,1391000000
5,0.14,100,1163000000
5,0.14,110,989000000
5,0.14,120,804000000
5,0.14,130,666000000
5,0.14,140,559000000
5,0.14,150,442000000
5,0.14,160,355000000
5,0.14,170,288000000
5,0.14,180,218000000
5,0.15,10,17007000000
5,0.15,20,9643000000
5,0.15,30,6061000000
5,0.15,40,4456000000
5,0.15,50,3511000000
5,0.15,60,2699000000
5,0.15,70,2194000000
5,0.15,80,1839000000
5,0.15,90,1487000000
5,0.15,100,1242000000
5,0.15,110,1055000000
5,0.15,120,856000000
5,0.15,130,709000000
5,0.15,140,594000000
5,0.15,150,470000000
5,0.15,160,378000000
5,0.15,170,307000000
5,0.15,180,232000000
