-- scripts/sample_data_768.sql — sample data with 768D vectors for testing

TRUNCATE TABLE rdf_labels;
TRUNCATE TABLE rdf_props;
TRUNCATE TABLE rdf_edges;
TRUNCATE TABLE kg_NodeEmbeddings;
TRUNCATE TABLE docs;

-- Nodes
INSERT INTO rdf_labels(s,label) VALUES
 ('HGNC:11998','Gene'),
 ('DOID:162','Disease'),
 ('CHEMBL:123','Drug');

-- Props
INSERT INTO rdf_props(s,key,val) VALUES
 ('HGNC:11998','symbol','TP53'),
 ('DOID:162','name','Cancer'),
 ('CHEMBL:123','name','SomeDrug');

-- Edges
INSERT INTO rdf_edges(s,p,o_id,qualifiers) VALUES
 ('CHEMBL:123','targets','HGNC:11998', NULL),
 ('HGNC:11998','ASSOCIATED_WITH','DOID:162', NULL);

-- Vectors (768D static embeddings - compact format for testing)
-- TP53 gene embedding
INSERT INTO kg_NodeEmbeddings(id, emb) VALUES
 ('HGNC:11998', TO_VECTOR('[0.1,0.2,0.9,-0.3,0.5,0.1,-0.7,0.4,0.2,-0.1,0.6,-0.4,0.3,0.7,-0.2,0.8,-0.5,0.1,0.4,-0.6,0.9,-0.3,0.2,0.5,-0.8,0.7,0.1,-0.4,0.6,-0.2,0.3,0.8,-0.9,0.4,0.1,-0.5,0.7,0.2,-0.3,0.6,0.9,-0.1,0.4,0.8,-0.7,0.2,0.5,-0.6,0.3,0.1,0.9,-0.4,0.7,0.2,-0.8,0.5,0.6,-0.1,0.3,0.4,-0.9,0.8,0.1,0.7,-0.2,0.5,0.3,-0.6,0.9,0.4,-0.1,0.2,0.8,-0.7,0.6,0.1,-0.3,0.5,0.9,-0.4,0.2,0.7,-0.8,0.3,0.6,0.1,-0.5,0.4,0.8,-0.2,0.9,0.7,-0.6,0.1,0.3,0.5,-0.4,0.2,0.8,-0.9,0.6,0.4,-0.1,0.7,0.3,-0.5,0.9,0.2,-0.8,0.1,0.6,0.4,-0.3,0.7,0.5,-0.2,0.8,0.9,-0.6,0.1,0.3,0.4,-0.7,0.2,0.5,0.8,-0.9,0.6,0.1,-0.4,0.3,0.7,-0.2,0.5,0.9,0.8,-0.1,0.4,0.6,-0.5,0.2,0.3,0.7,-0.8,0.9,0.1,-0.6,0.4,0.5,-0.3,0.2,0.8,0.7,-0.9,0.6,0.1,0.3,-0.4,0.5,0.9,-0.2,0.8,0.4,0.7,-0.1,0.6,0.3,-0.5,0.2,0.9,-0.8,0.1,0.4,0.7,0.6,-0.3,0.5,0.8,-0.9,0.2,0.1,0.3,0.4,-0.7,0.6,0.9,-0.5,0.8,0.2,0.1,-0.4,0.3,0.7,0.5,-0.6,0.9,0.8,-0.2,0.4,0.1,0.6,-0.3,0.5,0.7,-0.8,0.9,0.2,-0.1,0.4,0.3,0.6,-0.5,0.8,0.7,-0.9,0.1,0.2,0.5,-0.4,0.3,0.9,0.6,-0.8,0.7,0.1,0.4,-0.2,0.5,0.8,0.3,-0.6,0.9,0.7,-0.1,0.4,0.2,0.6,-0.5,0.8,0.3,-0.9,0.1,0.7,0.4,0.5,-0.2,0.6,0.9,-0.8,0.3,0.1,0.7,0.4,-0.5,0.2,0.8,0.6,-0.9,0.3,0.1,0.4,0.7,-0.2,0.5,0.9,0.8,-0.6,0.1,0.3,0.4,-0.7,0.2,0.5,0.6,-0.8,0.9,0.1,0.3,0.7,-0.4,0.2,0.5,0.8,0.6,-0.9,0.1,0.4,0.3,-0.5,0.7,0.2,0.9,-0.8,0.6,0.1,0.4,0.5,-0.3,0.7,0.2,0.8,-0.9,0.6,0.1,0.3,0.4,-0.5,0.7,0.2,0.9,0.8,-0.1,0.6,0.4,0.3,-0.7,0.5,0.2,0.9,-0.8,0.1,0.6,0.4,0.7,-0.3,0.5,0.2,0.8,0.9,-0.6,0.1,0.4,0.3,-0.5,0.7,0.2,0.8,-0.9,0.6,0.1,0.4,0.5,-0.3,0.7,0.2,0.9,0.8,-0.1,0.6,0.3,0.4,-0.7,0.5,0.2,0.8,-0.9,0.1,0.6,0.4,0.7,-0.3,0.5,0.2,0.9,0.8,-0.6,0.1,0.4,0.3,-0.5,0.7,0.2,0.8,0.9,-0.1,0.6,0.4,0.5,-0.3,0.7,0.2,0.8,-0.9,0.1,0.6,0.4,0.3,-0.7,0.5,0.2,0.9,0.8,-0.6,0.1,0.4,0.5,-0.3,0.7,0.2,0.8,0.9,-0.1,0.6,0.4,0.3,-0.5,0.7,0.2,0.8,-0.9,0.1,0.6,0.4,0.7,-0.3,0.5,0.2,0.9,0.8,-0.6,0.1,0.4,0.3,-0.5,0.7,0.2,0.8,0.9,-0.1,0.6,0.4,0.5,-0.3,0.7,0.2,0.8,-0.9,0.1,0.6,0.4,0.3,-0.7,0.5,0.2,0.9,0.8,-0.6,0.1,0.4,0.5,-0.3,0.7,0.2,0.8,0.9,-0.1,0.6,0.4,0.3,-0.5,0.7,0.2,0.8,-0.9,0.1,0.6,0.4,0.7,-0.3,0.5,0.2,0.9,0.8,-0.6,0.1,0.4,0.3,-0.5,0.7,0.2,0.8,0.9,-0.1,0.6,0.4,0.5,-0.3,0.7,0.2,0.8,-0.9,0.1,0.6,0.4,0.3,-0.7,0.5,0.2,0.9,0.8,-0.6,0.1,0.4,0.5,-0.3,0.7,0.2,0.8,0.9,-0.1,0.6,0.4,0.3,-0.5,0.7,0.2,0.8,-0.9,0.1,0.6,0.4,0.7,-0.3,0.5,0.2,0.9,0.8,-0.6,0.1,0.4,0.3,-0.5,0.7,0.2,0.8,0.9,-0.1,0.6,0.4,0.5,-0.3,0.7,0.2,0.8,-0.9,0.1,0.6,0.4,0.3,-0.7,0.5,0.2,0.9,0.8,-0.6,0.1,0.4,0.5,-0.3,0.7,0.2,0.8,0.9,-0.1,0.6,0.4,0.3,-0.5,0.7,0.2,0.8,-0.9,0.1,0.6,0.4,0.7,-0.3,0.5,0.2,0.9,0.8,-0.6,0.1,0.4,0.3,-0.5,0.7,0.2,0.8,0.9,-0.1,0.6,0.4,0.5,-0.3,0.7,0.2,0.8,-0.9,0.1,0.6,0.4,0.3,-0.7,0.5,0.2,0.9,0.8,-0.6,0.1,0.4,0.5,-0.3,0.7,0.2,0.8,0.9,-0.1,0.6,0.4,0.3,-0.5,0.7,0.2,0.8,-0.9,0.1,0.6,0.4]'));

-- Cancer disease embedding
INSERT INTO kg_NodeEmbeddings(id, emb) VALUES
 ('DOID:162', TO_VECTOR('[0.2,0.1,0.8,-0.4,0.3,0.2,-0.6,0.5,0.1,-0.2,0.7,-0.3,0.4,0.6,-0.1,0.9,-0.4,0.2,0.3,-0.7,0.8,-0.2,0.1,0.6,-0.9,0.6,0.2,-0.3,0.7,-0.1,0.4,0.9,-0.8,0.3,0.2,-0.6,0.8,0.1,-0.4,0.5,0.8,-0.2,0.3,0.9,-0.6,0.1,0.6,-0.5,0.4,0.2,0.8,-0.3,0.6,0.1,-0.9,0.4,0.7,-0.2,0.2,0.5,-0.8,0.9,0.2,0.6,-0.1,0.4,0.2,-0.7,0.8,0.5,-0.2,0.1,0.9,-0.6,0.7,0.2,-0.4,0.4,0.8,-0.5,0.1,0.6,-0.9,0.2,0.7,0.2,-0.4,0.5,0.9,-0.1,0.8,0.6,-0.7,0.2,0.2,0.4,-0.5,0.1,0.9,-0.8,0.7,0.3,-0.2,0.6,0.2,-0.6,0.8,0.1,-0.9,0.2,0.5,0.3,-0.4,0.6,0.4,-0.1,0.9,0.8,-0.7,0.2,0.2,0.5,-0.6,0.1,0.4,0.9,-0.8,0.7,0.2,-0.3,0.2,0.6,-0.1,0.4,0.8,0.9,-0.2,0.3,0.7,-0.4,0.1,0.2,0.6,-0.9,0.8,0.2,-0.5,0.3,0.4,-0.2,0.1,0.9,0.6,-0.8,0.7,0.2,0.2,-0.5,0.4,0.8,-0.1,0.9,0.3,0.6,-0.2,0.7,0.2,-0.4,0.1,0.8,-0.9,0.2,0.3,0.6,0.7,-0.2,0.4,0.9,-0.8,0.1,0.2,0.2,0.5,-0.6,0.7,0.8,-0.4,0.9,0.1,0.2,-0.3,0.2,0.6,0.4,-0.7,0.8,0.9,-0.1,0.5,0.2,0.7,-0.2,0.4,0.6,-0.9,0.8,0.1,-0.2,0.3,0.2,0.7,-0.4,0.9,0.6,-0.8,0.2,0.1,0.4,-0.5,0.2,0.8,0.7,-0.9,0.6,0.2,0.3,-0.1,0.4,0.9,0.2,-0.7,0.8,0.6,-0.2,0.5,0.1,0.7,-0.4,0.9,0.2,-0.8,0.2,0.6,0.3,0.4,-0.1,0.7,0.8,-0.9,0.2,0.2,0.6,0.5,-0.4,0.1,0.9,0.7,-0.8,0.2,0.2,0.3,0.6,-0.1,0.4,0.8,0.9,-0.7,0.2,0.2,0.5,-0.6,0.1,0.4,0.7,-0.9,0.8,0.2,0.2,0.6,-0.3,0.1,0.4,0.9,0.7,-0.8,0.2,0.5,0.2,-0.4,0.6,0.1,0.8,-0.9,0.7,0.2,0.3,0.4,-0.2,0.6,0.1,0.9,-0.8,0.7,0.2,0.2,0.5,-0.4,0.6,0.1,0.8,0.9,-0.2,0.7,0.3,0.2,-0.6,0.4,0.1,0.8,-0.9,0.2,0.7,0.5,0.6,-0.2,0.4,0.1,0.9,0.8,-0.7,0.2,0.3,0.2,-0.4,0.6,0.1,0.9,-0.8,0.7,0.2,0.5,0.4,-0.2,0.6,0.1,0.8,0.9,-0.2,0.7,0.2,0.3,-0.6,0.4,0.1,0.9,-0.8,0.2,0.7,0.5,0.6,-0.2,0.4,0.1,0.8,0.9,-0.7,0.2,0.3,0.2,-0.4,0.6,0.1,0.9,0.8,-0.2,0.7,0.5,0.4,-0.2,0.6,0.1,0.9,-0.8,0.2,0.7,0.3,0.2,-0.6,0.4,0.1,0.8,0.9,-0.7,0.2,0.5,0.4,-0.2,0.6,0.1,0.9,0.8,-0.2,0.7,0.3,0.2,-0.4,0.6,0.1,0.8,-0.9,0.2,0.7,0.5,0.6,-0.2,0.4,0.1,0.9,0.8,-0.7,0.2,0.3,0.2,-0.4,0.6,0.1,0.9,0.8,-0.2,0.7,0.5,0.4,-0.2,0.6,0.1,0.9,-0.8,0.2,0.7,0.3,0.2,-0.6,0.4,0.1,0.8,0.9,-0.7,0.2,0.5,0.4,-0.2,0.6,0.1,0.9,0.8,-0.2,0.7,0.3,0.2,-0.4,0.6,0.1,0.8,-0.9,0.2,0.7,0.5,0.6,-0.2,0.4,0.1,0.9,0.8,-0.7,0.2,0.3,0.2,-0.4,0.6,0.1,0.9,0.8,-0.2,0.7,0.5,0.4,-0.2,0.6,0.1,0.9,-0.8,0.2,0.7,0.3,0.2,-0.6,0.4,0.1,0.8,0.9,-0.7,0.2,0.5,0.4,-0.2,0.6,0.1,0.9,0.8,-0.2,0.7,0.3,0.2,-0.4,0.6,0.1,0.8,-0.9,0.2,0.7,0.5,0.6,-0.2,0.4,0.1,0.9,0.8,-0.7,0.2,0.3,0.2,-0.4,0.6,0.1,0.9,0.8,-0.2,0.7,0.5,0.4,-0.2,0.6,0.1,0.9,-0.8,0.2,0.7,0.3,0.2,-0.6,0.4,0.1,0.8,0.9,-0.7,0.2,0.5,0.4,-0.2,0.6,0.1,0.9,0.8,-0.2,0.7,0.3,0.2,-0.4,0.6,0.1,0.8,-0.9,0.2,0.7,0.5,0.6,-0.2,0.4,0.1,0.9,0.8,-0.7,0.2,0.3,0.2,-0.4,0.6,0.1,0.9]'));

-- Drug embedding
INSERT INTO kg_NodeEmbeddings(id, emb) VALUES
 ('CHEMBL:123', TO_VECTOR('[0.9,0.1,0.2,-0.2,0.4,0.3,-0.5,0.6,0.1,-0.1,0.8,-0.4,0.2,0.5,-0.3,0.7,-0.6,0.4,0.1,-0.8,0.9,-0.2,0.3,0.4,-0.7,0.5,0.1,-0.6,0.8,-0.3,0.2,0.7,-0.9,0.4,0.1,-0.5,0.6,0.3,-0.8,0.7,0.9,-0.1,0.2,0.8,-0.4,0.3,0.5,-0.7,0.6,0.1,0.9,-0.2,0.4,0.3,-0.8,0.5,0.7,-0.1,0.2,0.6,-0.9,0.8,0.1,0.4,-0.3,0.7,0.2,-0.5,0.6,0.9,-0.1,0.3,0.8,-0.4,0.2,0.1,-0.7,0.5,0.9,-0.6,0.3,0.4,-0.8,0.1,0.2,0.7,-0.9,0.6,0.3,-0.1,0.8,0.5,-0.4,0.2,0.1,0.7,-0.6,0.3,0.9,-0.8,0.4,0.2,-0.5,0.1,0.6,-0.7,0.8,0.3,-0.9,0.1,0.2,0.5,-0.4,0.7,0.6,-0.3,0.8,0.9,-0.1,0.2,0.1,0.4,-0.7,0.3,0.6,0.8,-0.9,0.5,0.1,-0.2,0.2,0.7,-0.3,0.6,0.9,0.8,-0.1,0.4,0.5,-0.2,0.3,0.1,0.7,-0.8,0.9,0.2,-0.6,0.4,0.1,-0.5,0.3,0.8,0.7,-0.9,0.2,0.1,0.6,-0.4,0.3,0.9,-0.1,0.8,0.5,0.7,-0.2,0.1,0.4,-0.6,0.3,0.9,-0.8,0.1,0.2,0.7,0.5,-0.3,0.6,0.8,-0.9,0.4,0.1,0.2,0.1,-0.5,0.7,0.9,-0.6,0.8,0.3,0.1,-0.4,0.2,0.5,0.7,-0.8,0.9,0.6,-0.1,0.3,0.1,0.4,-0.2,0.7,0.8,-0.9,0.5,0.1,-0.3,0.2,0.6,0.4,-0.7,0.9,0.8,-0.1,0.5,0.3,0.2,-0.6,0.1,0.7,0.4,-0.8,0.9,0.5,-0.2,0.3,0.1,0.6,-0.4,0.7,0.8,-0.9,0.2,0.1,0.5,0.3,-0.6,0.4,0.9,0.7,-0.8,0.1,0.2,0.3,0.5,-0.4,0.7,0.8,0.9,-0.6,0.1,0.2,0.4,-0.3,0.5,0.7,0.6,-0.8,0.9,0.1,0.3,0.2,-0.4,0.6,0.5,0.8,-0.9,0.7,0.1,0.4,0.3,-0.2,0.5,0.6,0.9,0.8,-0.7,0.1,0.2,0.4,-0.5,0.3,0.6,0.8,-0.9,0.7,0.1,0.5,0.2,-0.3,0.4,0.6,0.9,-0.8,0.1,0.7,0.3,0.5,-0.2,0.4,0.6,0.8,0.9,-0.7,0.1,0.2,0.3,-0.5,0.4,0.6,0.9,-0.8,0.7,0.1,0.5,0.2,-0.3,0.4,0.6,0.8,0.9,-0.1,0.7,0.3,0.5,-0.2,0.4,0.6,0.9,-0.8,0.1,0.7,0.2,0.3,-0.5,0.4,0.6,0.8,0.9,-0.7,0.1,0.5,0.2,-0.3,0.4,0.6,0.9,0.8,-0.1,0.7,0.3,0.5,-0.2,0.4,0.6,0.8,-0.9,0.1,0.7,0.2,0.3,-0.5,0.4,0.6,0.9,0.8,-0.7,0.1,0.5,0.2,-0.3,0.4,0.6,0.8,0.9,-0.1,0.7,0.3,0.5,-0.2,0.4,0.6,0.9,-0.8,0.1,0.7,0.2,0.3,-0.5,0.4,0.6,0.8,0.9,-0.7,0.1,0.5,0.2,-0.3,0.4,0.6,0.9,0.8,-0.1,0.7,0.3,0.5,-0.2,0.4,0.6,0.8,-0.9,0.1,0.7,0.2,0.3,-0.5,0.4,0.6,0.9,0.8,-0.7,0.1,0.5,0.2,-0.3,0.4,0.6,0.8,0.9,-0.1,0.7,0.3,0.5,-0.2,0.4,0.6,0.9,-0.8,0.1,0.7,0.2,0.3,-0.5,0.4,0.6,0.8,0.9,-0.7,0.1,0.5,0.2,-0.3,0.4,0.6,0.9,0.8,-0.1,0.7,0.3,0.5,-0.2,0.4,0.6,0.8,-0.9,0.1,0.7,0.2,0.3,-0.5,0.4,0.6,0.9,0.8,-0.7,0.1,0.5,0.2,-0.3,0.4,0.6,0.8,0.9,-0.1,0.7,0.3,0.5,-0.2,0.4,0.6,0.9,-0.8,0.1,0.7,0.2,0.3,-0.5,0.4,0.6,0.8,0.9,-0.7,0.1,0.5,0.2,-0.3,0.4,0.6,0.9,0.8,-0.1,0.7,0.3,0.5,-0.2,0.4,0.6,0.8,-0.9,0.1,0.7,0.2,0.3,-0.5,0.4,0.6,0.8,0.9,-0.7,0.1,0.5,0.2,-0.3,0.4,0.6,0.8,0.9,-0.1,0.7,0.3,0.5,-0.2,0.4,0.6,0.9,-0.8,0.1,0.7,0.2,0.3,-0.5,0.4,0.6,0.8]'));

-- Text docs for full-text search testing
INSERT INTO docs(id, text) VALUES
 ('HGNC:11998', 'TP53 tumor suppressor gene encodes p53 protein guardian of genome'),
 ('DOID:162',   'Cancer neoplasm malignant tumor disease oncology'),
 ('CHEMBL:123', 'Drug compound pharmaceutical treatment therapy medicine');